id,machine,label,jig,vtg,crt,gas,,,starttime,,
248983395,TM-PE NO.1 R1,0,1,13.7,173.3,0,0,0,2023-05-03-8:04:51.143,,
248983401,TM-PE NO.1 R1,0,1,13.7,173.3,0,0,0,2023-05-03-8:04:51.667,,
248983410,TM-PE NO.1 R1,0,1,13.7,173.3,0,0,0,2023-05-03-8:04:52.197,1,
248983422,TM-PE NO.1 R1,0,1,13.1,177.5,0,0,0,2023-05-03-8:04:52.737,,
248983433,TM-PE NO.1 R1,0,1,13.1,175.8,0,0,0,2023-05-03-8:04:53.267,,
248983447,TM-PE NO.1 R1,0,1,13.1,175.8,0,0,0,2023-05-03-8:04:53.807,,
248983463,TM-PE NO.1 R1,0,1,13.1,175.8,0,0,0,2023-05-03-8:04:54.360,,
248983474,TM-PE NO.1 R1,0,1,13.2,173.7,0,0,0,2023-05-03-8:04:54.893,,
248984107,TM-PE NO.1 R1,0,1,15.2,168.3,0,0,0,2023-05-03-8:05:41.853,,
248984116,TM-PE NO.1 R1,0,1,15.2,168.3,0,0,0,2023-05-03-8:05:42.400,,
248984128,TM-PE NO.1 R1,0,1,15.2,168.3,0,0,0,2023-05-03-8:05:42.977,,
248984140,TM-PE NO.1 R1,0,1,13.1,177.9,0,0,0,2023-05-03-8:05:43.523,2,
248984154,TM-PE NO.1 R1,0,1,13.1,174.5,0,0,0,2023-05-03-8:05:44.103,,
248984163,TM-PE NO.1 R1,0,1,13.6,175,0,0,0,2023-05-03-8:05:44.643,,
248984172,TM-PE NO.1 R1,0,1,13.6,175,0,0,0,2023-05-03-8:05:45.180,,
248984181,TM-PE NO.1 R1,0,1,13.6,175,0,0,0,2023-05-03-8:05:45.727,,
248985169,TM-PE NO.1 R1,1,1,13.6,175.4,0,0,0,2023-05-03-8:06:30.690,,
248985184,TM-PE NO.1 R1,1,1,13.6,175.4,0,0,0,2023-05-03-8:06:31.257,,
248985198,TM-PE NO.1 R1,1,1,13.1,175,0,0,0,2023-05-03-8:06:31.840,3,
248985218,TM-PE NO.1 R1,1,1,13,175.8,0,0,0,2023-05-03-8:06:32.423,,
248985236,TM-PE NO.1 R1,1,1,13.1,175.8,0,0,0,2023-05-03-8:06:32.990,,
248985268,TM-PE NO.1 R1,1,1,13.1,174.1,0,0,0,2023-05-03-8:06:34.063,,
248986125,TM-PE NO.1 R1,1,1,13.2,173.3,0,0,0,2023-05-03-8:07:23.650,,
248986140,TM-PE NO.1 R1,1,1,13.1,174.5,0,0,0,2023-05-03-8:07:24.210,,
248986157,TM-PE NO.1 R1,1,1,13.1,173.7,0,0,0,2023-05-03-8:07:24.753,,
248986176,TM-PE NO.1 R1,1,1,13.4,173.7,0,0,0,2023-05-03-8:07:25.283,,
248986189,TM-PE NO.1 R1,1,1,13.3,173.7,0,0,0,2023-05-03-8:07:25.830,4,
248986203,TM-PE NO.1 R1,1,1,13.2,175,0,0,0,2023-05-03-8:07:26.360,,
248986221,TM-PE NO.1 R1,1,1,13.4,130.8,0,0,0,2023-05-03-8:07:26.890,,
248986236,TM-PE NO.1 R1,1,1,13.4,130.8,0,0,0,2023-05-03-8:07:27.437,,
248986253,TM-PE NO.1 R1,1,1,13.4,130.8,0,0,0,2023-05-03-8:07:27.997,,
248987409,TM-PE NO.1 R1,1,1,13.2,173.3,0,0,0,2023-05-03-8:08:21.630,,
248987418,TM-PE NO.1 R1,1,1,13.1,174.5,0,0,0,2023-05-03-8:08:22.170,,
248987428,TM-PE NO.1 R1,1,1,13.3,172.9,0,0,0,2023-05-03-8:08:22.700,,
248987440,TM-PE NO.1 R1,1,1,13.3,173.3,0,0,0,2023-05-03-8:08:23.257,5,
248987451,TM-PE NO.1 R1,1,1,13.5,175.4,0,0,0,2023-05-03-8:08:23.793,,
248987459,TM-PE NO.1 R1,1,1,13.1,175.4,0,0,0,2023-05-03-8:08:24.330,,
248987468,TM-PE NO.1 R1,1,1,13.2,155,0,0,0,2023-05-03-8:08:24.877,,
248988256,TM-PE NO.1 R1,1,1,13.6,172.5,0,0,0,2023-05-03-8:09:18.680,,
248988271,TM-PE NO.1 R1,1,1,13.6,172.5,0,0,0,2023-05-03-8:09:19.213,,
248988288,TM-PE NO.1 R1,1,1,13.1,176.2,0,0,0,2023-05-03-8:09:19.743,,
248988301,TM-PE NO.1 R1,1,1,13.3,172.9,0,0,0,2023-05-03-8:09:20.280,6,
248988324,TM-PE NO.1 R1,1,1,13.2,173.7,0,0,0,2023-05-03-8:09:21.340,,
248988342,TM-PE NO.1 R1,1,1,13.3,176.2,0,0,0,2023-05-03-8:09:21.873,,
248988355,TM-PE NO.1 R1,1,1,13.2,175.8,0,0,0,2023-05-03-8:09:22.417,,
248988370,TM-PE NO.1 R1,1,1,13.3,174.1,0,0,0,2023-05-03-8:09:22.967,,
248989458,TM-PE NO.1 R1,0,1,14.9,169.5,0,0,0,2023-05-03-8:10:08.547,,
248989474,TM-PE NO.1 R1,0,1,14.9,169.5,0,0,0,2023-05-03-8:10:09.090,,
248989489,TM-PE NO.1 R1,0,1,14.9,169.5,0,0,0,2023-05-03-8:10:09.643,,
248989508,TM-PE NO.1 R1,0,1,14.9,169.5,0,0,0,2023-05-03-8:10:10.213,,
248989522,TM-PE NO.1 R1,0,1,13.1,177.9,0,0,0,2023-05-03-8:10:10.767,,
248989534,TM-PE NO.1 R1,0,1,13.2,174.1,0,0,0,2023-05-03-8:10:11.290,7,
248989551,TM-PE NO.1 R1,0,1,13.1,174.5,0,0,0,2023-05-03-8:10:11.817,,
248989566,TM-PE NO.1 R1,0,1,13.1,175.8,0,0,0,2023-05-03-8:10:12.367,,
248990395,TM-PE NO.1 R1,0,1,14.5,169.5,0,0,0,2023-05-03-8:10:57.877,,
248990402,TM-PE NO.1 R1,0,1,14.5,169.5,0,0,0,2023-05-03-8:10:58.397,,
248990412,TM-PE NO.1 R1,0,1,14.5,169.5,0,0,0,2023-05-03-8:10:58.917,8,
248990418,TM-PE NO.1 R1,0,1,13.2,173.3,0,0,0,2023-05-03-8:10:59.447,,
248990425,TM-PE NO.1 R1,0,1,13.2,173.3,0,0,0,2023-05-03-8:10:59.970,,
248990430,TM-PE NO.1 R1,0,1,13.2,173.3,0,0,0,2023-05-03-8:11:00.483,,
248990440,TM-PE NO.1 R1,0,1,13.2,173.3,0,0,0,2023-05-03-8:11:01.003,,
248990446,TM-PE NO.1 R1,0,1,13.4,173.7,0,0,0,2023-05-03-8:11:01.513,,
248991284,TM-PE NO.1 R1,1,1,13,174.1,0,0,0,2023-05-03-8:11:53.803,,
248991298,TM-PE NO.1 R1,1,1,13.1,175.8,0,0,0,2023-05-03-8:11:54.320,,
248991312,TM-PE NO.1 R1,1,1,13.4,175,0,0,0,2023-05-03-8:11:54.870,9,
248991326,TM-PE NO.1 R1,1,1,13.9,175,0,0,0,2023-05-03-8:11:55.417,,
248991340,TM-PE NO.1 R1,1,1,13.5,176.6,0,0,0,2023-05-03-8:11:55.943,,
248991355,TM-PE NO.1 R1,1,1,13.5,176.2,0,0,0,2023-05-03-8:11:56.497,,
248991365,TM-PE NO.1 R1,1,1,13.3,138.7,0,0,0,2023-05-03-8:11:57.027,,
248992056,TM-PE NO.1 R1,1,1,13.5,174.1,0,0,0,2023-05-03-8:12:41.530,,
248992059,TM-PE NO.1 R1,1,1,13.3,174.5,0,0,0,2023-05-03-8:12:42.047,,
248992065,TM-PE NO.1 R1,1,1,13.3,174.5,0,0,0,2023-05-03-8:12:42.573,,
248992073,TM-PE NO.1 R1,1,1,13.3,174.5,0,0,0,2023-05-03-8:12:43.097,,
248992079,TM-PE NO.1 R1,1,1,12.9,176.2,0,0,0,2023-05-03-8:12:43.623,10,
248992085,TM-PE NO.1 R1,1,1,13.2,174.1,0,0,0,2023-05-03-8:12:44.140,,
248992096,TM-PE NO.1 R1,1,1,13.1,177.9,0,0,0,2023-05-03-8:12:44.660,,
248993942,TM-PE NO.1 R1,0,1,14,170.8,0,0,0,2023-05-03-8:14:02.840,,
248993952,TM-PE NO.1 R1,0,1,14,170.8,0,0,0,2023-05-03-8:14:03.390,,
248993958,TM-PE NO.1 R1,0,1,13.2,174.1,0,0,0,2023-05-03-8:14:03.443,,
248993969,TM-PE NO.1 R1,0,1,13.2,174.5,0,0,0,2023-05-03-8:14:04.000,11,
248993983,TM-PE NO.1 R1,0,1,13.5,173.3,0,0,0,2023-05-03-8:14:04.547,,
248993996,TM-PE NO.1 R1,0,1,13.1,175.4,0,0,0,2023-05-03-8:14:05.080,,
248994004,TM-PE NO.1 R1,0,1,13.3,175.4,0,0,0,2023-05-03-8:14:05.607,,
248994015,TM-PE NO.1 R1,0,1,13.2,175.8,0,0,0,2023-05-03-8:14:06.137,,
248994787,TM-PE NO.1 R1,1,1,13.3,174.1,0,0,0,2023-05-03-8:14:56.217,,
248994804,TM-PE NO.1 R1,1,1,13.3,174.1,0,0,0,2023-05-03-8:14:56.780,,
248994820,TM-PE NO.1 R1,1,1,13.2,174.1,0,0,0,2023-05-03-8:14:57.320,12,
248994827,TM-PE NO.1 R1,1,1,13.3,173.7,0,0,0,2023-05-03-8:14:57.370,,
248994841,TM-PE NO.1 R1,1,1,13.2,175.4,0,0,0,2023-05-03-8:14:57.943,,
248994870,TM-PE NO.1 R1,1,1,13.2,175.4,0,0,0,2023-05-03-8:14:59.003,,
248994885,TM-PE NO.1 R1,1,1,13.2,175.4,0,0,0,2023-05-03-8:14:59.547,,
248994899,TM-PE NO.1 R1,0,1,13.2,175.4,0,0,0,2023-05-03-8:15:00.110,,
248995804,TM-PE NO.1 R1,0,1,15.7,168.3,0,0,0,2023-05-03-8:15:47.140,,
248995816,TM-PE NO.1 R1,0,1,15.7,168.3,0,0,0,2023-05-03-8:15:47.690,,
248995830,TM-PE NO.1 R1,0,1,15.7,168.3,0,0,0,2023-05-03-8:15:48.230,,
248995844,TM-PE NO.1 R1,0,1,13.1,174.5,0,0,0,2023-05-03-8:15:48.770,13,
248995855,TM-PE NO.1 R1,0,1,13.1,175,0,0,0,2023-05-03-8:15:49.300,,
248995866,TM-PE NO.1 R1,0,1,13.5,174.1,0,0,0,2023-05-03-8:15:49.833,,
248995882,TM-PE NO.1 R1,0,1,13.5,174.1,0,0,0,2023-05-03-8:15:50.353,,
248995894,TM-PE NO.1 R1,0,1,13.5,174.1,0,0,0,2023-05-03-8:15:50.897,,
248996576,TM-PE NO.1 R1,0,1,13.1,175,0,0,0,2023-05-03-8:16:37.400,,
248996582,TM-PE NO.1 R1,0,1,13.2,174.1,0,0,0,2023-05-03-8:16:37.920,,
248996591,TM-PE NO.1 R1,0,1,13.3,171.6,0,0,0,2023-05-03-8:16:38.450,,
248996602,TM-PE NO.1 R1,0,1,13.1,175.4,0,0,0,2023-05-03-8:16:38.960,14,
248996613,TM-PE NO.1 R1,0,1,13.3,173.7,0,0,0,2023-05-03-8:16:39.983,,
248996616,TM-PE NO.1 R1,0,1,13.2,177,0,0,0,2023-05-03-8:16:40.003,,
248996623,TM-PE NO.1 R1,0,1,13.2,177,0,0,0,2023-05-03-8:16:40.553,,
248996633,TM-PE NO.1 R1,0,1,13.2,177,0,0,0,2023-05-03-8:16:41.073,,
248997485,TM-PE NO.1 R1,1,1,13.4,177.5,0,0,0,2023-05-03-8:17:28.427,,
248997494,TM-PE NO.1 R1,1,1,13.4,177.5,0,0,0,2023-05-03-8:17:28.957,,
248997499,TM-PE NO.1 R1,1,1,13.1,173.7,0,0,0,2023-05-03-8:17:28.980,,
248997508,TM-PE NO.1 R1,1,1,13.5,177,0,0,0,2023-05-03-8:17:29.537,15,
248997520,TM-PE NO.1 R1,1,1,13.1,175,0,0,0,2023-05-03-8:17:30.080,,
248997532,TM-PE NO.1 R1,1,1,13.5,174.1,0,0,0,2023-05-03-8:17:30.630,,
248997548,TM-PE NO.1 R1,1,1,13.1,161.6,0,0,0,2023-05-03-8:17:31.173,,
248997559,TM-PE NO.1 R1,1,1,13.1,161.6,0,0,0,2023-05-03-8:17:31.713,,
248997571,TM-PE NO.1 R1,1,1,13.1,161.6,0,0,0,2023-05-03-8:17:32.260,,
248998476,TM-PE NO.1 R1,0,1,13.4,173.7,0,0,0,2023-05-03-8:18:17.077,,
248998483,TM-PE NO.1 R1,0,1,13.4,173.7,0,0,0,2023-05-03-8:18:17.620,,
248998493,TM-PE NO.1 R1,0,1,13.4,173.7,0,0,0,2023-05-03-8:18:18.150,16,
248998500,TM-PE NO.1 R1,0,1,13.3,173.3,0,0,0,2023-05-03-8:18:18.663,,
248998510,TM-PE NO.1 R1,0,1,13.2,177,0,0,0,2023-05-03-8:18:19.210,,
248998517,TM-PE NO.1 R1,0,1,13.3,175,0,0,0,2023-05-03-8:18:19.733,,
248998523,TM-PE NO.1 R1,0,1,13.3,173.3,0,0,0,2023-05-03-8:18:20.263,,
248999284,TM-PE NO.1 R1,1,1,13.6,177.5,0,0,0,2023-05-03-8:19:06.607,,
248999290,TM-PE NO.1 R1,1,1,13.6,177.5,0,0,0,2023-05-03-8:19:07.127,,
248999299,TM-PE NO.1 R1,1,1,13.3,173.7,0,0,0,2023-05-03-8:19:07.660,,
248999310,TM-PE NO.1 R1,1,1,13.2,173.7,0,0,0,2023-05-03-8:19:08.190,17,
248999320,TM-PE NO.1 R1,1,1,13.1,175.4,0,0,0,2023-05-03-8:19:08.723,,
248999327,TM-PE NO.1 R1,1,1,13.1,177.5,0,0,0,2023-05-03-8:19:09.243,,
248999339,TM-PE NO.1 R1,1,1,13.1,123.7,0,0,0,2023-05-03-8:19:09.787,,
248999967,TM-PE NO.1 R1,0,1,13.5,173.7,0,0,0,2023-05-03-8:19:59.000,,
248999973,TM-PE NO.1 R1,0,1,13.5,173.7,0,0,0,2023-05-03-8:19:59.513,,
248999983,TM-PE NO.1 R1,0,1,13.4,173.7,0,0,0,2023-05-03-8:20:00.033,,
248999990,TM-PE NO.1 R1,0,1,13.2,174.5,0,0,0,2023-05-03-8:20:00.560,18,
248999998,TM-PE NO.1 R1,0,1,13.5,174.1,0,0,0,2023-05-03-8:20:01.100,,
249000003,TM-PE NO.1 R1,0,1,12.9,176.2,0,0,0,2023-05-03-8:20:01.623,,
249000008,TM-PE NO.1 R1,0,1,13.1,173.3,0,0,0,2023-05-03-8:20:02.153,,
249000690,TM-PE NO.1 R1,0,1,13.2,173.3,0,0,0,2023-05-03-8:20:50.843,,
249000697,TM-PE NO.1 R1,0,1,13.1,176.2,0,0,0,2023-05-03-8:20:51.357,,
249000707,TM-PE NO.1 R1,0,1,13.2,175.4,0,0,0,2023-05-03-8:20:51.893,,
249000716,TM-PE NO.1 R1,0,1,13,173.3,0,0,0,2023-05-03-8:20:52.410,19,
249000721,TM-PE NO.1 R1,0,1,13.2,176.6,0,0,0,2023-05-03-8:20:52.923,,
249000725,TM-PE NO.1 R1,0,1,13.1,173.3,0,0,0,2023-05-03-8:20:53.450,,
249000732,TM-PE NO.1 R1,0,1,13.1,135,0,0,0,2023-05-03-8:20:53.980,,
249001529,TM-PE NO.1 R1,1,1,13.1,178.3,0,0,0,2023-05-03-8:21:41.170,,
249001533,TM-PE NO.1 R1,1,1,13.1,174.5,0,0,0,2023-05-03-8:21:41.700,,
249001537,TM-PE NO.1 R1,1,1,13.2,174.1,0,0,0,2023-05-03-8:21:42.230,,
249001541,TM-PE NO.1 R1,1,1,13.3,177.5,0,0,0,2023-05-03-8:21:42.760,20,
249001546,TM-PE NO.1 R1,1,1,13.1,173.3,0,0,0,2023-05-03-8:21:43.287,,
249001550,TM-PE NO.1 R1,1,1,13.5,176.2,0,0,0,2023-05-03-8:21:43.813,,
249001554,TM-PE NO.1 R1,1,1,13.1,131.6,0,0,0,2023-05-03-8:21:44.337,,
249001959,TM-PE NO.1 R1,1,1,13.3,173.7,0,0,0,2023-05-03-8:22:30.690,,
249001969,TM-PE NO.1 R1,1,1,13.3,173.7,0,0,0,2023-05-03-8:22:31.223,21,
249001983,TM-PE NO.1 R1,1,1,13.1,173.3,0,0,0,2023-05-03-8:22:31.820,,
249001993,TM-PE NO.1 R1,1,1,13,174.1,0,0,0,2023-05-03-8:22:32.427,,
249002000,TM-PE NO.1 R1,1,1,13.1,176.2,0,0,0,2023-05-03-8:22:33.100,,
249002700,TM-PE NO.1 R1,1,1,14.3,172.5,0,0,0,2023-05-03-8:23:24.120,,
249002705,TM-PE NO.1 R1,1,1,14.3,172.5,0,0,0,2023-05-03-8:23:24.643,,
249002710,TM-PE NO.1 R1,1,1,14.3,172.5,0,0,0,2023-05-03-8:23:25.180,,
249002715,TM-PE NO.1 R1,1,1,13.5,175.8,0,0,0,2023-05-03-8:23:25.703,,
249002720,TM-PE NO.1 R1,1,1,13.4,175,0,0,0,2023-05-03-8:23:26.237,22,
249002725,TM-PE NO.1 R1,1,1,13.4,175.4,0,0,0,2023-05-03-8:23:26.780,,
249002730,TM-PE NO.1 R1,1,1,13.3,174.1,0,0,0,2023-05-03-8:23:27.310,,
249002734,TM-PE NO.1 R1,1,1,13.3,174.1,0,0,0,2023-05-03-8:23:27.820,,
249003122,TM-PE NO.1 R1,1,1,13.1,176.2,0,0,0,2023-05-03-8:24:16.020,,
249003127,TM-PE NO.1 R1,1,1,13.2,177,0,0,0,2023-05-03-8:24:16.550,,
249003132,TM-PE NO.1 R1,1,1,13.1,174.1,0,0,0,2023-05-03-8:24:17.080,,
249003139,TM-PE NO.1 R1,1,1,13.5,174.1,0,0,0,2023-05-03-8:24:17.610,,
249003145,TM-PE NO.1 R1,1,1,13.3,173.7,0,0,0,2023-05-03-8:24:18.147,23,
249003150,TM-PE NO.1 R1,1,1,13.2,175.4,0,0,0,2023-05-03-8:24:18.677,,
249003154,TM-PE NO.1 R1,1,1,13,122.9,0,0,0,2023-05-03-8:24:19.190,,
249003535,TM-PE NO.1 R1,0,1,13.5,174.5,0,0,0,2023-05-03-8:25:05.873,,
249003544,TM-PE NO.1 R1,0,1,13.5,174.5,0,0,0,2023-05-03-8:25:06.387,,
249003550,TM-PE NO.1 R1,0,1,13,176.2,0,0,0,2023-05-03-8:25:06.913,,
249003555,TM-PE NO.1 R1,0,1,13,171.2,0,0,0,2023-05-03-8:25:07.433,,
249003561,TM-PE NO.1 R1,0,1,13.1,172.5,0,0,0,2023-05-03-8:25:07.940,24,
249003568,TM-PE NO.1 R1,0,1,13.1,176.6,0,0,0,2023-05-03-8:25:08.460,,
249003571,TM-PE NO.1 R1,0,1,13.2,175.4,0,0,0,2023-05-03-8:25:08.983,,
249004116,TM-PE NO.1 R1,1,1,13.6,175,0,0,0,2023-05-03-8:25:56.177,,
249004119,TM-PE NO.1 R1,1,1,13,177,0,0,0,2023-05-03-8:25:56.697,,
249004122,TM-PE NO.1 R1,1,1,13.3,177.9,0,0,0,2023-05-03-8:25:57.227,,
249004126,TM-PE NO.1 R1,1,1,13.3,173.7,0,0,0,2023-05-03-8:25:57.760,25,
249004129,TM-PE NO.1 R1,1,1,13.4,177,0,0,0,2023-05-03-8:25:58.290,,
249004132,TM-PE NO.1 R1,1,1,13.2,173.3,0,0,0,2023-05-03-8:25:58.803,,
249004134,TM-PE NO.1 R1,1,1,13,174.1,0,0,0,2023-05-03-8:25:59.307,,
249004821,TM-PE NO.1 R1,0,1,13.1,174.1,0,0,0,2023-05-03-8:26:48.400,,
249004825,TM-PE NO.1 R1,0,1,13.3,174.1,0,0,0,2023-05-03-8:26:48.903,,
249004830,TM-PE NO.1 R1,0,1,13.3,176.6,0,0,0,2023-05-03-8:26:49.420,26,
249004837,TM-PE NO.1 R1,0,1,13.3,172.5,0,0,0,2023-05-03-8:26:49.943,,
249004844,TM-PE NO.1 R1,0,1,13.2,173.3,0,0,0,2023-05-03-8:26:50.477,,
249004851,TM-PE NO.1 R1,0,1,13.2,174.1,0,0,0,2023-05-03-8:26:50.990,,
249004855,TM-PE NO.1 R1,0,1,13.2,129.5,0,0,0,2023-05-03-8:26:51.510,,
249005348,TM-PE NO.1 R1,0,1,13.3,176.2,0,0,0,2023-05-03-8:27:38.567,,
249005358,TM-PE NO.1 R1,0,1,13.3,176.2,0,0,0,2023-05-03-8:27:39.103,,
249005365,TM-PE NO.1 R1,0,1,13.3,175.4,0,0,0,2023-05-03-8:27:39.633,27,
249005375,TM-PE NO.1 R1,0,1,13.1,177,0,0,0,2023-05-03-8:27:40.200,,
249005379,TM-PE NO.1 R1,0,1,13.2,173.3,0,0,0,2023-05-03-8:27:40.223,,
249005387,TM-PE NO.1 R1,0,1,13.1,172.9,0,0,0,2023-05-03-8:27:40.763,,
249005395,TM-PE NO.1 R1,0,1,12.8,170.8,0,0,0,2023-05-03-8:27:41.300,,
249006101,TM-PE NO.1 R1,0,1,13.1,174.1,0,0,0,2023-05-03-8:28:30.140,,
249006108,TM-PE NO.1 R1,0,1,13.1,177.5,0,0,0,2023-05-03-8:28:30.660,,
249006115,TM-PE NO.1 R1,0,1,13.2,177.9,0,0,0,2023-05-03-8:28:31.190,28,
249006124,TM-PE NO.1 R1,0,1,13.1,175,0,0,0,2023-05-03-8:28:31.737,,
249006130,TM-PE NO.1 R1,0,1,13.2,175,0,0,0,2023-05-03-8:28:32.270,,
249006137,TM-PE NO.1 R1,0,1,13.1,177,0,0,0,2023-05-03-8:28:32.783,,
249006143,TM-PE NO.1 R1,0,1,13.2,174.1,0,0,0,2023-05-03-8:28:33.300,,
249006808,TM-PE NO.1 R1,0,1,13.2,176.6,0,0,0,2023-05-03-8:29:20.487,,
249006814,TM-PE NO.1 R1,0,1,13.2,176.6,0,0,0,2023-05-03-8:29:21.020,,
249006819,TM-PE NO.1 R1,0,1,13.2,176.2,0,0,0,2023-05-03-8:29:21.550,,
249006824,TM-PE NO.1 R1,0,1,13.1,173.3,0,0,0,2023-05-03-8:29:22.060,29,
249006828,TM-PE NO.1 R1,0,1,13.3,176.2,0,0,0,2023-05-03-8:29:22.597,,
249006833,TM-PE NO.1 R1,0,1,13.1,174.1,0,0,0,2023-05-03-8:29:23.130,,
249006838,TM-PE NO.1 R1,0,1,13.1,177.9,0,0,0,2023-05-03-8:29:23.663,,
249007613,TM-PE NO.1 R1,1,1,14.6,167,0,0,0,2023-05-03-8:30:09.397,,
249007618,TM-PE NO.1 R1,1,1,14.6,167,0,0,0,2023-05-03-8:30:09.920,,
249007629,TM-PE NO.1 R1,1,1,14.6,167,0,0,0,2023-05-03-8:30:10.450,,
249007641,TM-PE NO.1 R1,1,1,14.6,167,0,0,0,2023-05-03-8:30:10.967,30,
249007653,TM-PE NO.1 R1,1,1,13.4,173.7,0,0,0,2023-05-03-8:30:11.507,,
249007665,TM-PE NO.1 R1,1,1,13.1,175.4,0,0,0,2023-05-03-8:30:12.047,,
249007673,TM-PE NO.1 R1,1,1,13.2,175,0,0,0,2023-05-03-8:30:12.567,,
249007682,TM-PE NO.1 R1,1,1,13.1,174.1,0,0,0,2023-05-03-8:30:13.093,,
249008526,TM-PE NO.1 R1,1,1,13.6,171.2,0,0,0,2023-05-03-8:30:59.140,,
249008536,TM-PE NO.1 R1,1,1,13.6,171.2,0,0,0,2023-05-03-8:30:59.700,,
249008551,TM-PE NO.1 R1,1,1,13.1,173.3,0,0,0,2023-05-03-8:31:00.233,,
249008559,TM-PE NO.1 R1,1,1,13.2,173.7,0,0,0,2023-05-03-8:31:00.753,,
249008568,TM-PE NO.1 R1,1,1,13.2,173.7,0,0,0,2023-05-03-8:31:01.287,31,
249008579,TM-PE NO.1 R1,1,1,13.2,173.7,0,0,0,2023-05-03-8:31:01.853,,
249008588,TM-PE NO.1 R1,1,1,13.6,177,0,0,0,2023-05-03-8:31:02.377,,
249008592,TM-PE NO.1 R1,1,1,13.1,150.4,0,0,0,2023-05-03-8:31:02.893,,
249009575,TM-PE NO.1 R1,1,1,13.1,174.5,0,0,0,2023-05-03-8:31:47.980,,
249009584,TM-PE NO.1 R1,1,1,13.3,174.5,0,0,0,2023-05-03-8:31:48.497,,
249009594,TM-PE NO.1 R1,1,1,13.5,176.6,0,0,0,2023-05-03-8:31:49.030,,
249009606,TM-PE NO.1 R1,1,1,13.1,174.5,0,0,0,2023-05-03-8:31:49.570,,
249009619,TM-PE NO.1 R1,1,1,13.3,174.1,0,0,0,2023-05-03-8:31:50.110,,
249009629,TM-PE NO.1 R1,1,1,12.9,174.5,0,0,0,2023-05-03-8:31:50.633,32,
249009641,TM-PE NO.1 R1,1,1,13,171.2,0,0,0,2023-05-03-8:31:51.163,,
249009650,TM-PE NO.1 R1,1,1,13,171.2,0,0,0,2023-05-03-8:31:51.703,,
249009662,TM-PE NO.1 R1,1,1,13,171.2,0,0,0,2023-05-03-8:31:52.293,,
249010309,TM-PE NO.1 R1,1,1,13.1,174.1,0,0,0,2023-05-03-8:32:39.883,,
249010320,TM-PE NO.1 R1,1,1,13.1,175,0,0,0,2023-05-03-8:32:40.437,,
249010333,TM-PE NO.1 R1,1,1,13.4,173.3,0,0,0,2023-05-03-8:32:40.980,,
249010345,TM-PE NO.1 R1,1,1,13.2,176.6,0,0,0,2023-05-03-8:32:41.523,33,
249010360,TM-PE NO.1 R1,1,1,13.1,174.5,0,0,0,2023-05-03-8:32:42.070,,
249010376,TM-PE NO.1 R1,1,1,13.1,174.5,0,0,0,2023-05-03-8:32:42.613,,
249010387,TM-PE NO.1 R1,1,1,13.1,174.5,0,0,0,2023-05-03-8:32:43.140,,
249011217,TM-PE NO.1 R1,0,1,13.2,172.9,0,0,0,2023-05-03-8:33:30.610,,
249011224,TM-PE NO.1 R1,0,1,13.1,173.7,0,0,0,2023-05-03-8:33:31.123,,
249011231,TM-PE NO.1 R1,0,1,13.1,174.1,0,0,0,2023-05-03-8:33:31.640,,
249011239,TM-PE NO.1 R1,0,1,13.1,175.8,0,0,0,2023-05-03-8:33:32.170,,
249011250,TM-PE NO.1 R1,0,1,13.2,174.1,0,0,0,2023-05-03-8:33:32.720,34,
249011261,TM-PE NO.1 R1,0,1,13.3,176.2,0,0,0,2023-05-03-8:33:33.250,,
249011271,TM-PE NO.1 R1,0,1,13.3,176.2,0,0,0,2023-05-03-8:33:33.790,,
249011281,TM-PE NO.1 R1,0,1,13.3,176.2,0,0,0,2023-05-03-8:33:34.320,,
249011854,TM-PE NO.1 R1,1,1,13.3,174.5,0,0,0,2023-05-03-8:34:20.860,,
249011863,TM-PE NO.1 R1,1,1,13.2,177,0,0,0,2023-05-03-8:34:21.393,,
249011875,TM-PE NO.1 R1,1,1,13,174.1,0,0,0,2023-05-03-8:34:21.927,,
249011886,TM-PE NO.1 R1,1,1,13,173.7,0,0,0,2023-05-03-8:34:22.453,,
249011901,TM-PE NO.1 R1,1,1,13.1,175,0,0,0,2023-05-03-8:34:22.983,,
249011913,TM-PE NO.1 R1,1,1,13,175.4,0,0,0,2023-05-03-8:34:23.540,35,
249011924,TM-PE NO.1 R1,1,1,13,170.4,0,0,0,2023-05-03-8:34:24.080,,
249011940,TM-PE NO.1 R1,1,1,13,170.4,0,0,0,2023-05-03-8:34:24.603,,
249011952,TM-PE NO.1 R1,1,1,13,170.4,0,0,0,2023-05-03-8:34:25.140,,
249012701,TM-PE NO.1 R1,0,1,13.1,171.2,0,0,0,2023-05-03-8:35:16.567,,
249012708,TM-PE NO.1 R1,0,1,13.1,171.2,0,0,0,2023-05-03-8:35:17.110,,
249012715,TM-PE NO.1 R1,0,1,13.3,175.4,0,0,0,2023-05-03-8:35:17.633,36,
249012719,TM-PE NO.1 R1,0,1,13.3,174.1,0,0,0,2023-05-03-8:35:18.143,,
249012726,TM-PE NO.1 R1,0,1,13.2,138.3,0,0,0,2023-05-03-8:35:18.677,,
249013270,TM-PE NO.1 R1,0,1,13.1,174.5,0,0,0,2023-05-03-8:36:05.157,,
249013281,TM-PE NO.1 R1,0,1,13.1,176.2,0,0,0,2023-05-03-8:36:05.697,,
249013293,TM-PE NO.1 R1,0,1,13.1,173.7,0,0,0,2023-05-03-8:36:06.230,,
249013304,TM-PE NO.1 R1,0,1,13.1,173.7,0,0,0,2023-05-03-8:36:06.763,,
249013316,TM-PE NO.1 R1,0,1,13.1,173.7,0,0,0,2023-05-03-8:36:07.297,,
249013328,TM-PE NO.1 R1,0,1,13.2,174.1,0,0,0,2023-05-03-8:36:07.840,37,
249013338,TM-PE NO.1 R1,0,1,13.2,174.1,0,0,0,2023-05-03-8:36:08.370,,
249014027,TM-PE NO.1 R1,0,1,13.3,175.4,0,0,0,2023-05-03-8:36:55.720,,
249014031,TM-PE NO.1 R1,1,1,13.4,177.5,0,0,0,2023-05-03-8:36:56.247,,
249014036,TM-PE NO.1 R1,1,1,13.5,176.2,0,0,0,2023-05-03-8:36:56.780,,
249014042,TM-PE NO.1 R1,1,1,13.1,172.9,0,0,0,2023-05-03-8:36:57.320,,
249014045,TM-PE NO.1 R1,1,1,13.1,172.9,0,0,0,2023-05-03-8:36:57.840,38,
249014053,TM-PE NO.1 R1,1,1,13.1,172.9,0,0,0,2023-05-03-8:36:58.383,,
249014058,TM-PE NO.1 R1,1,1,13.2,171.2,0,0,0,2023-05-03-8:36:58.903,,
249016074,TM-PE NO.1 R1,0,1,13.5,177.9,0,0,0,2023-05-03-8:39:48.850,,
249016084,TM-PE NO.1 R1,0,1,13.5,177.9,0,0,0,2023-05-03-8:39:49.383,,
249016097,TM-PE NO.1 R1,0,1,13.6,172,0,0,0,2023-05-03-8:39:49.920,,
249016112,TM-PE NO.1 R1,0,1,13.1,173.3,0,0,0,2023-05-03-8:39:50.457,39,
249016123,TM-PE NO.1 R1,0,1,13.2,173.7,0,0,0,2023-05-03-8:39:50.977,,
249016133,TM-PE NO.1 R1,0,1,13.2,172.9,0,0,0,2023-05-03-8:39:51.507,,
249016932,TM-PE NO.1 R1,0,1,13.1,175.8,0,0,0,2023-05-03-8:40:42.197,,
249016942,TM-PE NO.1 R1,0,1,13.1,175.8,0,0,0,2023-05-03-8:40:42.740,,
249016952,TM-PE NO.1 R1,0,1,13.1,175,0,0,0,2023-05-03-8:40:43.283,,
249016962,TM-PE NO.1 R1,0,1,13.2,177.9,0,0,0,2023-05-03-8:40:43.833,40,
249016974,TM-PE NO.1 R1,0,1,13.1,177.9,0,0,0,2023-05-03-8:40:44.383,,
249016984,TM-PE NO.1 R1,0,1,13.3,173.7,0,0,0,2023-05-03-8:40:44.923,,
249016993,TM-PE NO.1 R1,0,1,13.4,173.7,0,0,0,2023-05-03-8:40:45.457,,
249018020,TM-PE NO.1 R1,0,1,13.2,173.3,0,0,0,2023-05-03-8:41:32.110,,
249018034,TM-PE NO.1 R1,0,1,13.1,177,0,0,0,2023-05-03-8:41:32.650,,
249018046,TM-PE NO.1 R1,0,1,13.2,173.3,0,0,0,2023-05-03-8:41:33.197,41,
249018059,TM-PE NO.1 R1,0,1,13.2,168.3,0,0,0,2023-05-03-8:41:33.743,,
249018073,TM-PE NO.1 R1,0,1,13.2,174.1,0,0,0,2023-05-03-8:41:34.287,,
249018091,TM-PE NO.1 R1,0,1,13.2,172.5,0,0,0,2023-05-03-8:41:34.840,,
249018106,TM-PE NO.1 R1,0,1,13.7,174.1,0,0,0,2023-05-03-8:41:35.373,,
249018122,TM-PE NO.1 R1,0,0,12.9,120.4,0,0,0,2023-05-03-8:41:35.927,,
249019000,TM-PE NO.1 R1,0,1,13.3,177.9,0,0,0,2023-05-03-8:42:22.983,,
249019014,TM-PE NO.1 R1,0,1,13.1,172.5,0,0,0,2023-05-03-8:42:23.540,,
249019026,TM-PE NO.1 R1,0,1,12.5,172,0,0,0,2023-05-03-8:42:24.097,42,
249019037,TM-PE NO.1 R1,0,1,12.8,174.1,0,0,0,2023-05-03-8:42:24.633,,
249019047,TM-PE NO.1 R1,0,1,13,175.8,0,0,0,2023-05-03-8:42:25.177,,
249019058,TM-PE NO.1 R1,0,1,12.8,121.6,0,0,0,2023-05-03-8:42:25.717,,
249019969,TM-PE NO.1 R1,1,1,13.1,176.6,0,0,0,2023-05-03-8:43:13.150,,
249019981,TM-PE NO.1 R1,1,1,13.3,176.2,0,0,0,2023-05-03-8:43:13.710,,
249019989,TM-PE NO.1 R1,1,1,13.2,177.9,0,0,0,2023-05-03-8:43:14.247,43,
249019999,TM-PE NO.1 R1,1,1,13.1,176.6,0,0,0,2023-05-03-8:43:14.800,,
249020011,TM-PE NO.1 R1,1,1,13.7,167,0,0,0,2023-05-03-8:43:15.350,,
249020696,TM-PE NO.1 R1,1,1,19.9,162.9,0,0,0,2023-05-03-8:43:59.903,,
249020702,TM-PE NO.1 R1,1,1,19.9,162.9,0,0,0,2023-05-03-8:44:00.420,,
249020705,TM-PE NO.1 R1,1,1,13.1,172.9,0,0,0,2023-05-03-8:44:00.937,,
249020713,TM-PE NO.1 R1,1,1,13.1,175,0,0,0,2023-05-03-8:44:01.450,,
249020724,TM-PE NO.1 R1,1,1,13.2,177,0,0,0,2023-05-03-8:44:01.973,44,
249020730,TM-PE NO.1 R1,1,1,13.5,175.8,0,0,0,2023-05-03-8:44:02.487,,
249020737,TM-PE NO.1 R1,1,1,13.5,175.8,0,0,0,2023-05-03-8:44:03.003,,
249020744,TM-PE NO.1 R1,1,1,13.5,175.8,0,0,0,2023-05-03-8:44:03.520,,
249020753,TM-PE NO.1 R1,1,1,12.9,120.8,0,0,0,2023-05-03-8:44:04.563,,
249021600,TM-PE NO.1 R1,0,1,12.6,174.1,0,0,0,2023-05-03-8:44:50.567,,
249021608,TM-PE NO.1 R1,0,1,12.6,174.1,0,0,0,2023-05-03-8:44:51.077,,
249021619,TM-PE NO.1 R1,0,1,13.1,173.3,0,0,0,2023-05-03-8:44:51.617,,
249021627,TM-PE NO.1 R1,0,1,13.2,172.5,0,0,0,2023-05-03-8:44:52.143,,
249021637,TM-PE NO.1 R1,0,1,13.1,176.2,0,0,0,2023-05-03-8:44:52.667,45,
249021648,TM-PE NO.1 R1,0,1,13.6,174.1,0,0,0,2023-05-03-8:44:53.197,,
249021654,TM-PE NO.1 R1,0,1,13.1,175,0,0,0,2023-05-03-8:44:53.710,,
249021667,TM-PE NO.1 R1,0,1,13.1,175,0,0,0,2023-05-03-8:44:54.243,,
249021678,TM-PE NO.1 R1,0,1,13.1,175,0,0,0,2023-05-03-8:44:54.790,,
249022604,TM-PE NO.1 R1,1,1,13.3,172.5,0,0,0,2023-05-03-8:45:41.080,,
249022613,TM-PE NO.1 R1,1,1,13.3,172.5,0,0,0,2023-05-03-8:45:41.597,,
249022627,TM-PE NO.1 R1,1,1,13.2,175.4,0,0,0,2023-05-03-8:45:42.130,46,
249022637,TM-PE NO.1 R1,1,1,13.2,173.3,0,0,0,2023-05-03-8:45:42.657,,
249022650,TM-PE NO.1 R1,1,1,13.7,172.9,0,0,0,2023-05-03-8:45:43.190,,
249022664,TM-PE NO.1 R1,1,1,13.1,175,0,0,0,2023-05-03-8:45:43.723,,
249022673,TM-PE NO.1 R1,1,1,13.4,176.6,0,0,0,2023-05-03-8:45:44.243,,
249023788,TM-PE NO.1 R1,1,1,13.2,175.8,0,0,0,2023-05-03-8:46:33.990,,
249023801,TM-PE NO.1 R1,1,1,12.9,174.1,0,0,0,2023-05-03-8:46:34.520,,
249023817,TM-PE NO.1 R1,1,1,13.3,173.3,0,0,0,2023-05-03-8:46:35.053,,
249023830,TM-PE NO.1 R1,1,1,13,172.5,0,0,0,2023-05-03-8:46:35.610,,
249023845,TM-PE NO.1 R1,1,1,13,172.5,0,0,0,2023-05-03-8:46:36.190,47,
249023864,TM-PE NO.1 R1,1,1,13,172.5,0,0,0,2023-05-03-8:46:36.737,,
249023878,TM-PE NO.1 R1,1,1,13.4,151.6,0,0,0,2023-05-03-8:46:37.293,,
249024908,TM-PE NO.1 R1,0,1,13.2,174.5,0,0,0,2023-05-03-8:47:26.943,,
249024918,TM-PE NO.1 R1,0,1,13.2,174.5,0,0,0,2023-05-03-8:47:27.467,,
249024923,TM-PE NO.1 R1,0,1,13.2,174.5,0,0,0,2023-05-03-8:47:27.990,,
249024928,TM-PE NO.1 R1,0,1,13.2,171.6,0,0,0,2023-05-03-8:47:28.510,,
249024935,TM-PE NO.1 R1,0,1,13,174.5,0,0,0,2023-05-03-8:47:29.027,48,
249024940,TM-PE NO.1 R1,0,1,12.9,173.7,0,0,0,2023-05-03-8:47:29.553,,
249024948,TM-PE NO.1 R1,0,1,13,172.5,0,0,0,2023-05-03-8:47:30.070,,
249025837,TM-PE NO.1 R1,0,1,13.7,164.1,0,0,0,2023-05-03-8:48:19.627,,
249025846,TM-PE NO.1 R1,0,1,13.7,164.1,0,0,0,2023-05-03-8:48:20.157,,
249025854,TM-PE NO.1 R1,0,1,13.3,175,0,0,0,2023-05-03-8:48:20.687,,
249025867,TM-PE NO.1 R1,0,1,13.1,174.5,0,0,0,2023-05-03-8:48:21.220,,
249025878,TM-PE NO.1 R1,0,1,13.1,176.6,0,0,0,2023-05-03-8:48:21.747,49,
249025891,TM-PE NO.1 R1,0,1,13.1,177,0,0,0,2023-05-03-8:48:22.280,,
249025903,TM-PE NO.1 R1,0,1,13.2,173.7,0,0,0,2023-05-03-8:48:22.807,,
249025915,TM-PE NO.1 R1,0,1,13.5,175.8,0,0,0,2023-05-03-8:48:23.337,,
249026849,TM-PE NO.1 R1,0,1,13.5,177,0,0,0,2023-05-03-8:49:08.893,,
249026869,TM-PE NO.1 R1,0,1,13.5,177,0,0,0,2023-05-03-8:49:09.420,,
249026881,TM-PE NO.1 R1,0,1,13.5,177,0,0,0,2023-05-03-8:49:09.953,50,
249026894,TM-PE NO.1 R1,0,1,13.2,171.2,0,0,0,2023-05-03-8:49:10.480,,
249026912,TM-PE NO.1 R1,0,1,12.7,172.5,0,0,0,2023-05-03-8:49:11.010,,
249026927,TM-PE NO.1 R1,0,1,12.8,173.3,0,0,0,2023-05-03-8:49:11.530,,
249026938,TM-PE NO.1 R1,0,1,13,175.4,0,0,0,2023-05-03-8:49:12.057,,
249030526,TM-PE NO.1 R1,0,1,13.1,173.7,0,0,0,2023-05-03-8:52:47.420,,
249030536,TM-PE NO.1 R1,0,1,13.1,173.7,0,0,0,2023-05-03-8:52:47.963,,
249030548,TM-PE NO.1 R1,0,1,13.1,177,0,0,0,2023-05-03-8:52:48.493,,
249030559,TM-PE NO.1 R1,0,1,13.3,175,0,0,0,2023-05-03-8:52:49.027,51,
249030573,TM-PE NO.1 R1,0,1,13.2,173.3,0,0,0,2023-05-03-8:52:49.563,,
249030583,TM-PE NO.1 R1,0,1,13.2,173.7,0,0,0,2023-05-03-8:52:50.100,,
249030595,TM-PE NO.1 R1,0,1,13.2,173.7,0,0,0,2023-05-03-8:52:50.650,,
249030604,TM-PE NO.1 R1,0,1,13.2,173.7,0,0,0,2023-05-03-8:52:51.197,,
249030609,TM-PE NO.1 R1,0,1,13.2,173.7,0,0,0,2023-05-03-8:52:51.230,,
249031217,TM-PE NO.1 R1,0,1,13.1,175.4,0,0,0,2023-05-03-8:53:37.593,,
249031229,TM-PE NO.1 R1,0,1,13.1,175,0,0,0,2023-05-03-8:53:38.127,,
249031238,TM-PE NO.1 R1,0,1,13.6,175.4,0,0,0,2023-05-03-8:53:38.670,,
249031247,TM-PE NO.1 R1,0,1,13.5,174.1,0,0,0,2023-05-03-8:53:39.213,52,
249031254,TM-PE NO.1 R1,0,1,13.1,173.7,0,0,0,2023-05-03-8:53:39.740,,
249031261,TM-PE NO.1 R1,0,1,13.1,174.5,0,0,0,2023-05-03-8:53:40.270,,
249031271,TM-PE NO.1 R1,0,1,13.4,124.5,0,0,0,2023-05-03-8:53:40.803,,
249032204,TM-PE NO.1 R1,1,1,13.1,172.9,0,0,0,2023-05-03-8:54:28.237,,
249032219,TM-PE NO.1 R1,1,1,13,172.5,0,0,0,2023-05-03-8:54:28.773,53,
249032234,TM-PE NO.1 R1,1,1,13.1,176.6,0,0,0,2023-05-03-8:54:29.307,,
249032246,TM-PE NO.1 R1,1,1,13.1,172.9,0,0,0,2023-05-03-8:54:29.827,,
249032258,TM-PE NO.1 R1,1,1,13.1,172.9,0,0,0,2023-05-03-8:54:30.360,,
249032267,TM-PE NO.1 R1,1,1,13,172.9,0,0,0,2023-05-03-8:54:30.897,,
249033026,TM-PE NO.1 R1,0,1,13.4,173.3,0,0,0,2023-05-03-8:55:20.320,,
249033038,TM-PE NO.1 R1,0,1,13.4,173.3,0,0,0,2023-05-03-8:55:20.867,,
249033046,TM-PE NO.1 R1,0,1,13.1,177.5,0,0,0,2023-05-03-8:55:21.400,,
249033056,TM-PE NO.1 R1,0,1,13.2,173.7,0,0,0,2023-05-03-8:55:21.940,,
249033064,TM-PE NO.1 R1,0,1,13.6,174.1,0,0,0,2023-05-03-8:55:22.463,,
249033076,TM-PE NO.1 R1,0,1,13,173.3,0,0,0,2023-05-03-8:55:22.990,54,
249033082,TM-PE NO.1 R1,0,1,13,175,0,0,0,2023-05-03-8:55:23.513,,
249033093,TM-PE NO.1 R1,0,1,13,175,0,0,0,2023-05-03-8:55:24.053,,
249033100,TM-PE NO.1 R1,0,1,13,175,0,0,0,2023-05-03-8:55:24.573,,
249033861,TM-PE NO.1 R1,1,1,13.1,175,0,0,0,2023-05-03-8:56:10.643,,
249033872,TM-PE NO.1 R1,1,1,13.1,173.3,0,0,0,2023-05-03-8:56:11.163,,
249033888,TM-PE NO.1 R1,1,1,12.8,171.6,0,0,0,2023-05-03-8:56:11.707,55,
249033897,TM-PE NO.1 R1,1,1,13,171.2,0,0,0,2023-05-03-8:56:12.237,,
249033908,TM-PE NO.1 R1,1,1,12.6,172,0,0,0,2023-05-03-8:56:12.767,,
249033917,TM-PE NO.1 R1,1,1,12.5,171.6,0,0,0,2023-05-03-8:56:13.297,,
249033931,TM-PE NO.1 R1,1,1,12.9,162,0,0,0,2023-05-03-8:56:13.840,,
249034806,TM-PE NO.1 R1,1,1,13.2,175.8,0,0,0,2023-05-03-8:56:59.890,,
249034817,TM-PE NO.1 R1,1,1,13.1,173.3,0,0,0,2023-05-03-8:57:00.420,,
249034827,TM-PE NO.1 R1,1,1,13.1,174.1,0,0,0,2023-05-03-8:57:00.950,,
249034840,TM-PE NO.1 R1,1,1,13.1,172.9,0,0,0,2023-05-03-8:57:01.483,56,
249034853,TM-PE NO.1 R1,1,1,13.1,174.5,0,0,0,2023-05-03-8:57:02.007,,
249034864,TM-PE NO.1 R1,1,1,13,176.2,0,0,0,2023-05-03-8:57:02.537,,
249034878,TM-PE NO.1 R1,1,1,12.9,170.8,0,0,0,2023-05-03-8:57:03.067,,
249036010,TM-PE NO.1 R1,1,1,13.1,177,0,0,0,2023-05-03-8:57:49.690,,
249036025,TM-PE NO.1 R1,1,1,13.1,177,0,0,0,2023-05-03-8:57:50.253,,
249036033,TM-PE NO.1 R1,1,1,13.2,174.1,0,0,0,2023-05-03-8:57:50.777,,
249036044,TM-PE NO.1 R1,1,1,13.6,174.1,0,0,0,2023-05-03-8:57:51.310,57,
249036054,TM-PE NO.1 R1,1,1,13.2,174.1,0,0,0,2023-05-03-8:57:51.850,,
249036061,TM-PE NO.1 R1,1,1,13.3,173.7,0,0,0,2023-05-03-8:57:52.370,,
249036989,TM-PE NO.1 R1,0,1,13.5,172.5,0,0,0,2023-05-03-8:58:43.080,,
249036997,TM-PE NO.1 R1,0,1,13.5,172.5,0,0,0,2023-05-03-8:58:43.597,,
249037006,TM-PE NO.1 R1,0,1,13,177.9,0,0,0,2023-05-03-8:58:44.117,,
249037014,TM-PE NO.1 R1,0,1,12.7,177.9,0,0,0,2023-05-03-8:58:44.630,58,
249037023,TM-PE NO.1 R1,0,1,13.2,176.6,0,0,0,2023-05-03-8:58:45.143,,
249037034,TM-PE NO.1 R1,0,1,13,173.7,0,0,0,2023-05-03-8:58:45.660,,
249037043,TM-PE NO.1 R1,0,1,13,172.9,0,0,0,2023-05-03-8:58:46.183,,
249038008,TM-PE NO.1 R1,1,1,12.9,173.7,0,0,0,2023-05-03-8:59:34.310,,
249038016,TM-PE NO.1 R1,1,1,13.2,173.7,0,0,0,2023-05-03-8:59:34.850,,
249038029,TM-PE NO.1 R1,1,1,13.2,174.5,0,0,0,2023-05-03-8:59:35.403,,
249038044,TM-PE NO.1 R1,1,1,13.1,174.5,0,0,0,2023-05-03-8:59:35.953,,
249038056,TM-PE NO.1 R1,1,1,13.2,176.6,0,0,0,2023-05-03-8:59:36.483,59,
249038068,TM-PE NO.1 R1,1,1,13.1,174.1,0,0,0,2023-05-03-8:59:37.007,,
249038082,TM-PE NO.1 R1,1,1,12.9,164.5,0,0,0,2023-05-03-8:59:37.537,,
249038963,TM-PE NO.1 R1,1,1,13.1,175.8,0,0,0,2023-05-03-9:00:25.233,,
249038975,TM-PE NO.1 R1,1,1,13.1,175.4,0,0,0,2023-05-03-9:00:25.763,,
249038990,TM-PE NO.1 R1,1,1,13.2,177.5,0,0,0,2023-05-03-9:00:26.327,60,
249038998,TM-PE NO.1 R1,1,1,13,177,0,0,0,2023-05-03-9:00:26.840,,
249039008,TM-PE NO.1 R1,1,1,13.2,175.8,0,0,0,2023-05-03-9:00:27.387,,
249039015,TM-PE NO.1 R1,1,1,13.3,173.7,0,0,0,2023-05-03-9:00:27.920,,
249039024,TM-PE NO.1 R1,1,1,13.2,124.5,0,0,0,2023-05-03-9:00:28.450,,
249039714,TM-PE NO.1 R1,0,1,13.3,172.9,0,0,0,2023-05-03-9:01:16.040,,
249039722,TM-PE NO.1 R1,0,1,13.3,172.9,0,0,0,2023-05-03-9:01:16.577,,
249039730,TM-PE NO.1 R1,0,1,13.3,174.1,0,0,0,2023-05-03-9:01:17.107,61,
249039744,TM-PE NO.1 R1,0,1,13.4,173.3,0,0,0,2023-05-03-9:01:17.647,,
249039756,TM-PE NO.1 R1,0,1,13.3,173.3,0,0,0,2023-05-03-9:01:18.190,,
249039767,TM-PE NO.1 R1,0,1,13.2,175,0,0,0,2023-05-03-9:01:18.723,,
249039777,TM-PE NO.1 R1,0,1,13.1,174.5,0,0,0,2023-05-03-9:01:19.253,,
249040696,TM-PE NO.1 R1,1,1,13,177,0,0,0,2023-05-03-9:02:08.220,,
249040706,TM-PE NO.1 R1,1,1,13,177,0,0,0,2023-05-03-9:02:08.740,,
249040715,TM-PE NO.1 R1,1,1,13.3,175,0,0,0,2023-05-03-9:02:09.277,,
249040724,TM-PE NO.1 R1,1,1,13.5,174.1,0,0,0,2023-05-03-9:02:09.800,62,
249040741,TM-PE NO.1 R1,1,1,13.5,173.3,0,0,0,2023-05-03-9:02:10.320,,
249040751,TM-PE NO.1 R1,1,1,13.1,173.7,0,0,0,2023-05-03-9:02:10.827,,
249040764,TM-PE NO.1 R1,1,1,13.2,173.7,0,0,0,2023-05-03-9:02:11.340,,
249041512,TM-PE NO.1 R1,0,1,12.9,176.6,0,0,0,2023-05-03-9:02:57.113,,
249041523,TM-PE NO.1 R1,0,1,12.9,176.6,0,0,0,2023-05-03-9:02:57.643,,
249041532,TM-PE NO.1 R1,0,1,13.1,174.5,0,0,0,2023-05-03-9:02:58.187,,
249041544,TM-PE NO.1 R1,0,1,13.1,173.3,0,0,0,2023-05-03-9:02:58.713,63,
249041554,TM-PE NO.1 R1,0,1,12.7,174.5,0,0,0,2023-05-03-9:02:59.260,,
249041567,TM-PE NO.1 R1,0,1,13.3,172,0,0,0,2023-05-03-9:02:59.800,,
249041579,TM-PE NO.1 R1,0,1,13.2,174.1,0,0,0,2023-05-03-9:03:00.327,,
249042666,TM-PE NO.1 R1,1,1,13,172,0,0,0,2023-05-03-9:03:48.130,,
249042676,TM-PE NO.1 R1,1,1,13,172,0,0,0,2023-05-03-9:03:48.677,,
249042689,TM-PE NO.1 R1,1,1,13.1,174.1,0,0,0,2023-05-03-9:03:49.223,64,
249042704,TM-PE NO.1 R1,1,1,13.1,173.3,0,0,0,2023-05-03-9:03:49.770,,
249042717,TM-PE NO.1 R1,1,1,13.1,175.4,0,0,0,2023-05-03-9:03:50.327,,
249042727,TM-PE NO.1 R1,1,1,13.1,176.2,0,0,0,2023-05-03-9:03:50.857,,
249043741,TM-PE NO.1 R1,0,1,13.1,175,0,0,0,2023-05-03-9:04:36.867,,
249043756,TM-PE NO.1 R1,0,1,13.1,175,0,0,0,2023-05-03-9:04:37.417,,
249043771,TM-PE NO.1 R1,0,1,13.1,175,0,0,0,2023-05-03-9:04:37.950,,
249043783,TM-PE NO.1 R1,0,1,13.1,175,0,0,0,2023-05-03-9:04:38.477,65,
249043796,TM-PE NO.1 R1,0,1,13.2,175.8,0,0,0,2023-05-03-9:04:39.027,,
249043812,TM-PE NO.1 R1,0,1,13.6,175.8,0,0,0,2023-05-03-9:04:39.577,,
249043826,TM-PE NO.1 R1,0,1,13.6,150.8,0,0,0,2023-05-03-9:04:40.113,,
249044750,TM-PE NO.1 R1,1,1,13.3,173.7,0,0,0,2023-05-03-9:05:25.843,,
249044758,TM-PE NO.1 R1,1,1,13.3,173.7,0,0,0,2023-05-03-9:05:26.360,,
249044765,TM-PE NO.1 R1,1,1,13.1,172,0,0,0,2023-05-03-9:05:26.893,,
249044773,TM-PE NO.1 R1,1,1,13.3,173.3,0,0,0,2023-05-03-9:05:27.427,66,
249044780,TM-PE NO.1 R1,1,1,13.3,174.5,0,0,0,2023-05-03-9:05:27.950,,
249044790,TM-PE NO.1 R1,1,1,13.1,176.6,0,0,0,2023-05-03-9:05:28.487,,
249044800,TM-PE NO.1 R1,1,1,13.1,176.6,0,0,0,2023-05-03-9:05:29.027,,
249044810,TM-PE NO.1 R1,1,1,13.1,176.6,0,0,0,2023-05-03-9:05:29.553,,
249045456,TM-PE NO.1 R1,1,1,13.3,172,0,0,0,2023-05-03-9:06:15.737,,
249045463,TM-PE NO.1 R1,1,1,13.2,175.4,0,0,0,2023-05-03-9:06:16.267,,
249045475,TM-PE NO.1 R1,1,1,13.2,176.6,0,0,0,2023-05-03-9:06:16.800,67,
249045484,TM-PE NO.1 R1,1,1,13.9,171.6,0,0,0,2023-05-03-9:06:17.340,,
249045495,TM-PE NO.1 R1,1,1,13.4,174.1,0,0,0,2023-05-03-9:06:17.877,,
249045504,TM-PE NO.1 R1,1,1,13,176.6,0,0,0,2023-05-03-9:06:18.413,,
249045516,TM-PE NO.1 R1,1,1,13.1,173.3,0,0,0,2023-05-03-9:06:18.953,,
249045997,TM-PE NO.1 R1,1,1,13.5,171.6,0,0,0,2023-05-03-9:07:05.863,,
249046003,TM-PE NO.1 R1,1,1,13.5,171.6,0,0,0,2023-05-03-9:07:06.390,,
249046010,TM-PE NO.1 R1,1,1,13.6,176.6,0,0,0,2023-05-03-9:07:06.923,,
249046016,TM-PE NO.1 R1,1,1,13.2,172.9,0,0,0,2023-05-03-9:07:07.453,68,
249046022,TM-PE NO.1 R1,1,1,13.3,173.3,0,0,0,2023-05-03-9:07:07.990,,
249046026,TM-PE NO.1 R1,1,1,13.2,175.8,0,0,0,2023-05-03-9:07:08.510,,
249046031,TM-PE NO.1 R1,1,1,13.3,177.5,0,0,0,2023-05-03-9:07:09.020,,
249046829,TM-PE NO.1 R1,1,1,13.6,174.1,0,0,0,2023-05-03-9:07:54.457,,
249046844,TM-PE NO.1 R1,1,1,13.6,174.1,0,0,0,2023-05-03-9:07:55.003,,
249046859,TM-PE NO.1 R1,1,1,13.6,174.1,0,0,0,2023-05-03-9:07:55.550,,
249046875,TM-PE NO.1 R1,1,1,13.3,175.8,0,0,0,2023-05-03-9:07:56.073,,
249046887,TM-PE NO.1 R1,1,1,13.2,174.5,0,0,0,2023-05-03-9:07:56.610,69,
249046900,TM-PE NO.1 R1,1,1,13.4,172.9,0,0,0,2023-05-03-9:07:57.130,,
249046915,TM-PE NO.1 R1,1,1,13.2,172.9,0,0,0,2023-05-03-9:07:57.660,,
249046926,TM-PE NO.1 R1,1,1,13.3,133.7,0,0,0,2023-05-03-9:07:58.200,,
249047872,TM-PE NO.1 R1,1,1,14,173.7,0,0,0,2023-05-03-9:08:44.330,,
249047886,TM-PE NO.1 R1,1,1,14,173.7,0,0,0,2023-05-03-9:08:44.853,,
249047900,TM-PE NO.1 R1,1,1,13.2,174.5,0,0,0,2023-05-03-9:08:45.410,,
249047912,TM-PE NO.1 R1,1,1,13.4,172.9,0,0,0,2023-05-03-9:08:45.947,70,
249047923,TM-PE NO.1 R1,1,1,13.4,172.9,0,0,0,2023-05-03-9:08:46.480,,
249047943,TM-PE NO.1 R1,1,1,13.4,172.9,0,0,0,2023-05-03-9:08:47.037,,
249047956,TM-PE NO.1 R1,1,1,13.3,173.7,0,0,0,2023-05-03-9:08:47.583,,
249047969,TM-PE NO.1 R1,1,1,13.1,173.7,0,0,0,2023-05-03-9:08:48.110,,
249049087,TM-PE NO.1 R1,0,1,13.5,175.4,0,0,0,2023-05-03-9:09:32.887,,
249049097,TM-PE NO.1 R1,0,1,13.5,175.4,0,0,0,2023-05-03-9:09:33.430,,
249049110,TM-PE NO.1 R1,0,1,13.1,174.5,0,0,0,2023-05-03-9:09:33.970,,
249049125,TM-PE NO.1 R1,0,1,13.4,173.7,0,0,0,2023-05-03-9:09:34.493,,
249049136,TM-PE NO.1 R1,0,1,13.6,172.9,0,0,0,2023-05-03-9:09:35.023,,
249049146,TM-PE NO.1 R1,0,1,13.5,176.6,0,0,0,2023-05-03-9:09:35.550,71,
249049160,TM-PE NO.1 R1,0,1,13.2,175,0,0,0,2023-05-03-9:09:36.090,,
249049170,TM-PE NO.1 R1,0,1,13.4,141.6,0,0,0,2023-05-03-9:09:36.620,,
249049178,TM-PE NO.1 R1,0,1,13.4,141.6,0,0,0,2023-05-03-9:09:37.150,,
249049187,TM-PE NO.1 R1,0,1,13.4,141.6,0,0,0,2023-05-03-9:09:37.680,,
249049934,TM-PE NO.1 R1,1,1,13.5,173.7,0,0,0,2023-05-03-9:10:22.107,,
249049944,TM-PE NO.1 R1,1,1,13.5,173.7,0,0,0,2023-05-03-9:10:22.640,,
249049957,TM-PE NO.1 R1,1,1,13.5,173.7,0,0,0,2023-05-03-9:10:23.193,,
249049972,TM-PE NO.1 R1,1,1,13.3,175.4,0,0,0,2023-05-03-9:10:23.730,72,
249049984,TM-PE NO.1 R1,1,1,13.6,176.2,0,0,0,2023-05-03-9:10:24.293,,
249049991,TM-PE NO.1 R1,1,1,13.5,173.7,0,0,0,2023-05-03-9:10:24.810,,
249049998,TM-PE NO.1 R1,1,1,13.1,175.4,0,0,0,2023-05-03-9:10:25.340,,
249050015,TM-PE NO.1 R1,1,1,13,176.2,0,0,0,2023-05-03-9:10:25.877,,
249050877,TM-PE NO.1 R1,0,1,13.4,173.3,0,0,0,2023-05-03-9:11:12.150,,
249050881,TM-PE NO.1 R1,0,1,13.4,172.9,0,0,0,2023-05-03-9:11:12.663,,
249050885,TM-PE NO.1 R1,0,1,13.4,172.9,0,0,0,2023-05-03-9:11:13.180,,
249050889,TM-PE NO.1 R1,0,1,13.5,175.8,0,0,0,2023-05-03-9:11:13.700,73,
249050892,TM-PE NO.1 R1,0,1,13,173.3,0,0,0,2023-05-03-9:11:14.217,,
249050898,TM-PE NO.1 R1,0,1,13.5,172.9,0,0,0,2023-05-03-9:11:14.740,,
249051641,TM-PE NO.1 R1,0,1,14,174.1,0,0,0,2023-05-03-9:12:00.973,,
249051655,TM-PE NO.1 R1,0,1,14,174.1,0,0,0,2023-05-03-9:12:01.487,,
249051665,TM-PE NO.1 R1,0,1,14,174.1,0,0,0,2023-05-03-9:12:01.997,,
249051676,TM-PE NO.1 R1,0,1,14,174.1,0,0,0,2023-05-03-9:12:02.513,,
249051691,TM-PE NO.1 R1,0,1,13.3,173.3,0,0,0,2023-05-03-9:12:03.027,74,
249051700,TM-PE NO.1 R1,0,1,13.3,173.7,0,0,0,2023-05-03-9:12:03.543,,
249051708,TM-PE NO.1 R1,0,1,13.5,172,0,0,0,2023-05-03-9:12:04.063,,
249051719,TM-PE NO.1 R1,0,1,13.7,172.5,0,0,0,2023-05-03-9:12:04.580,,
249052368,TM-PE NO.1 R1,0,1,14,170,0,0,0,2023-05-03-9:12:50.733,,
249052378,TM-PE NO.1 R1,0,1,14,170,0,0,0,2023-05-03-9:12:51.260,,
249052388,TM-PE NO.1 R1,0,1,14,170,0,0,0,2023-05-03-9:12:51.807,,
249052403,TM-PE NO.1 R1,0,1,13.1,175,0,0,0,2023-05-03-9:12:52.330,75,
249052413,TM-PE NO.1 R1,0,1,13.1,175,0,0,0,2023-05-03-9:12:52.867,,
249052423,TM-PE NO.1 R1,0,1,13.1,175,0,0,0,2023-05-03-9:12:53.393,,
249052431,TM-PE NO.1 R1,0,1,13.1,172.9,0,0,0,2023-05-03-9:12:53.913,,
249052443,TM-PE NO.1 R1,0,1,13.2,176.2,0,0,0,2023-05-03-9:12:54.433,,
249053350,TM-PE NO.1 R1,1,1,13.9,172,0,0,0,2023-05-03-9:13:40.933,,
249053359,TM-PE NO.1 R1,1,1,13.9,172,0,0,0,2023-05-03-9:13:41.477,,
249053371,TM-PE NO.1 R1,1,1,13.2,173.7,0,0,0,2023-05-03-9:13:42.023,,
249053379,TM-PE NO.1 R1,1,1,13.1,175.8,0,0,0,2023-05-03-9:13:42.550,76,
249053387,TM-PE NO.1 R1,1,1,13.1,174.5,0,0,0,2023-05-03-9:13:43.083,,
249053396,TM-PE NO.1 R1,1,1,13.2,172,0,0,0,2023-05-03-9:13:43.617,,
249053405,TM-PE NO.1 R1,1,1,13.2,172,0,0,0,2023-05-03-9:13:44.143,,
249053415,TM-PE NO.1 R1,1,1,13.2,172,0,0,0,2023-05-03-9:13:44.690,,
249054268,TM-PE NO.1 R1,0,1,14.8,167.9,0,0,0,2023-05-03-9:14:30.553,,
249054282,TM-PE NO.1 R1,0,1,14.8,167.9,0,0,0,2023-05-03-9:14:31.097,,
249054297,TM-PE NO.1 R1,0,1,14.8,167.9,0,0,0,2023-05-03-9:14:31.647,,
249054307,TM-PE NO.1 R1,0,1,13.1,173.3,0,0,0,2023-05-03-9:14:32.177,77,
249054317,TM-PE NO.1 R1,0,1,13.2,171.6,0,0,0,2023-05-03-9:14:32.703,,
249054325,TM-PE NO.1 R1,0,1,13.6,176.6,0,0,0,2023-05-03-9:14:33.230,,
249054336,TM-PE NO.1 R1,0,1,13.6,172.9,0,0,0,2023-05-03-9:14:33.760,,
249054343,TM-PE NO.1 R1,0,1,13.3,173.7,0,0,0,2023-05-03-9:14:34.277,,
249055296,TM-PE NO.1 R1,0,1,13.8,170.8,0,0,0,2023-05-03-9:15:22.867,,
249055310,TM-PE NO.1 R1,0,1,13.8,170.8,0,0,0,2023-05-03-9:15:23.410,,
249055325,TM-PE NO.1 R1,0,1,13.2,173.3,0,0,0,2023-05-03-9:15:23.960,,
249055338,TM-PE NO.1 R1,0,1,13.2,172.9,0,0,0,2023-05-03-9:15:24.507,78,
249055354,TM-PE NO.1 R1,0,1,13.2,172.9,0,0,0,2023-05-03-9:15:25.067,,
249055366,TM-PE NO.1 R1,0,1,13.2,176.6,0,0,0,2023-05-03-9:15:25.620,,
249055377,TM-PE NO.1 R1,0,1,13.2,176.6,0,0,0,2023-05-03-9:15:26.163,,
249055392,TM-PE NO.1 R1,0,1,13.2,176.6,0,0,0,2023-05-03-9:15:26.723,,
249056129,TM-PE NO.1 R1,1,1,13.6,170.8,0,0,0,2023-05-03-9:16:12.053,,
249056135,TM-PE NO.1 R1,1,1,13.6,170.8,0,0,0,2023-05-03-9:16:12.573,,
249056143,TM-PE NO.1 R1,1,1,13.6,170.8,0,0,0,2023-05-03-9:16:13.090,,
249056148,TM-PE NO.1 R1,1,1,13.1,174.1,0,0,0,2023-05-03-9:16:13.607,79,
249056155,TM-PE NO.1 R1,1,1,13,171.6,0,0,0,2023-05-03-9:16:14.143,,
249056161,TM-PE NO.1 R1,1,1,13.3,176.2,0,0,0,2023-05-03-9:16:14.663,,
249056169,TM-PE NO.1 R1,1,1,13.3,174.1,0,0,0,2023-05-03-9:16:15.190,,
249056181,TM-PE NO.1 R1,1,1,13.2,175,0,0,0,2023-05-03-9:16:16.210,,
249056976,TM-PE NO.1 R1,1,1,14.8,156.6,0,0,0,2023-05-03-9:17:05.770,,
249056985,TM-PE NO.1 R1,1,1,14,173.7,0,0,0,2023-05-03-9:17:06.303,,
249056993,TM-PE NO.1 R1,1,1,14,173.7,0,0,0,2023-05-03-9:17:06.817,,
249057006,TM-PE NO.1 R1,1,1,13.2,175,0,0,0,2023-05-03-9:17:07.330,80,
249057017,TM-PE NO.1 R1,1,1,13.2,172,0,0,0,2023-05-03-9:17:07.847,,
249057030,TM-PE NO.1 R1,1,1,13.2,172,0,0,0,2023-05-03-9:17:08.383,,
249057041,TM-PE NO.1 R1,1,1,13.2,172,0,0,0,2023-05-03-9:17:08.897,,
249057046,TM-PE NO.1 R1,1,1,13.4,175.8,0,0,0,2023-05-03-9:17:09.413,,
249057914,TM-PE NO.1 R1,0,1,13.4,172.5,0,0,0,2023-05-03-9:18:00.807,,
249057924,TM-PE NO.1 R1,0,1,13.1,173.3,0,0,0,2023-05-03-9:18:01.360,,
249057934,TM-PE NO.1 R1,0,1,13.1,173.3,0,0,0,2023-05-03-9:18:01.903,,
249057949,TM-PE NO.1 R1,0,1,13.5,172.9,0,0,0,2023-05-03-9:18:02.440,81,
249057964,TM-PE NO.1 R1,0,1,13.8,172.9,0,0,0,2023-05-03-9:18:02.990,,
249057975,TM-PE NO.1 R1,0,1,13.2,173.7,0,0,0,2023-05-03-9:18:03.540,,
249057985,TM-PE NO.1 R1,0,1,12.9,176.2,0,0,0,2023-05-03-9:18:04.080,,
249057997,TM-PE NO.1 R1,0,1,13.3,127,0,0,0,2023-05-03-9:18:04.627,,
249063677,TM-PE NO.1 R1,1,1,14.7,177,0,0,0,2023-05-03-9:24:25.730,,
249063687,TM-PE NO.1 R1,1,1,14.7,177,0,0,0,2023-05-03-9:24:26.260,,
249063696,TM-PE NO.1 R1,1,1,13.6,174.5,0,0,0,2023-05-03-9:24:26.817,82,
249063709,TM-PE NO.1 R1,1,1,13.5,174.5,0,0,0,2023-05-03-9:24:27.350,,
249063718,TM-PE NO.1 R1,1,1,14,175,0,0,0,2023-05-03-9:24:27.883,,
249063729,TM-PE NO.1 R1,1,1,14,173.7,0,0,0,2023-05-03-9:24:28.430,,
249063739,TM-PE NO.1 R1,1,1,14.1,140.8,0,0,0,2023-05-03-9:24:28.950,,
